Number,Name,Type 1,Type 2,HP,Attack,Defense,Sp.Attack,Sp.Defense,Speed,Gen
001,Bulbasaur,Grass,Poison,45,49,49,65,65,45,1
002,Ivysaur,Grass,Poison,60,62,63,80,80,60,1
003,Venusaur,Grass,Poison,80,82,83,100,100,80,1
004,Charmander,Fire,,39,52,43,60,50,65,1
005,Charmeleon,Fire,,58,64,58,80,65,80,1
006,Charizard,Fire,Flying,78,84,78,109,85,100,1
007,Squirtle,Water,,44,48,65,50,64,43,1
008,Wartortle,Water,,59,63,80,65,80,58,1
009,Blastoise,Water,,79,83,100,85,105,78,1
010,Caterpie,Bug,,45,30,35,20,20,45,1
011,Metapod,Bug,,50,20,55,25,25,30,1
012,Butterfree,Bug,Flying,60,45,50,90,80,70,1
013,Weedle,Bug,Poison,40,35,30,20,20,50,1
014,Kakuna,Bug,Poison,45,25,50,25,25,35,1
015,Beedrill,Bug,Poison,65,90,40,45,80,75,1
016,Pidgey,Normal,Flying,40,45,40,35,35,56,1
017,Pidgeotto,Normal,Flying,63,60,55,50,50,71,1
018,Pidgeot,Normal,Flying,83,80,75,70,70,101,1
019,Rattata,Normal,,30,56,35,25,35,72,1
020,Raticate,Normal,,55,81,60,50,70,97,1
021,Spearow,Normal,Flying,40,60,30,31,31,70,1
022,Fearow,Normal,Flying,65,90,65,61,61,100,1
023,Ekans,Poison,,35,60,44,40,54,55,1
024,Arbok,Poison,,60,95,69,65,79,80,1
025,Pikachu,Electric,,35,55,40,50,50,90,1
026,Raichu,Electric,,60,90,55,90,80,110,1
027,Sandshrew,Ground,,50,75,85,20,30,40,1
028,Sandslash,Ground,,75,100,110,45,55,65,1
029,Nidoran♀,Poison,,55,47,52,40,40,41,1
030,Nidorina,Poison,,70,62,67,55,55,56,1
031,Nidoqueen,Poison,Ground,90,92,87,75,85,76,1
032,Nidoran♂,Poison,,46,57,40,40,40,50,1
033,Nidorino,Poison,,61,72,57,55,55,65,1
034,Nidoking,Poison,Ground,81,102,77,85,75,85,1
035,Clefairy,Fairy,,70,45,48,60,65,35,1
036,Clefable,Fairy,,95,70,73,95,90,60,1
037,Vulpix,Fire,,38,41,40,50,65,65,1
038,Ninetales,Fire,,73,76,75,81,100,100,1
039,Jigglypuff,Normal,Fairy,115,45,20,45,25,20,1
040,Wigglytuff,Normal,Fairy,140,70,45,85,50,45,1
041,Zubat,Poison,Flying,40,45,35,30,40,55,1
042,Golbat,Poison,Flying,75,80,70,65,75,90,1
043,Oddish,Grass,Poison,45,50,55,75,65,30,1
044,Gloom,Grass,Poison,60,65,70,85,75,40,1
045,Vileplume,Grass,Poison,75,80,85,110,90,50,1
046,Paras,Bug,Grass,35,70,55,45,55,25,1
047,Parasect,Bug,Grass,60,95,80,60,80,30,1
048,Venonat,Bug,Poison,60,55,50,40,55,45,1
049,Venomoth,Bug,Poison,70,65,60,90,75,90,1
050,Diglett,Ground,,10,55,25,35,45,95,1
051,Dugtrio,Ground,,35,100,50,50,70,120,1
052,Meowth,Normal,,40,45,35,40,40,90,1
053,Persian,Normal,,65,70,60,65,65,115,1
054,Psyduck,Water,,50,52,48,65,50,55,1
055,Golduck,Water,,80,82,78,95,80,85,1
056,Mankey,Fighting,,40,80,35,35,45,70,1
057,Primeape,Fighting,,65,105,60,60,70,95,1
058,Growlithe,Fire,,55,70,45,70,50,60,1
059,Arcanine,Fire,,90,110,80,100,80,95,1
060,Poliwag,Water,,40,50,40,40,40,90,1
061,Poliwhirl,Water,,65,65,65,50,50,90,1
062,Poliwrath,Water,Fighting,90,95,95,70,90,70,1
063,Abra,Psychic,,25,20,15,105,55,90,1
064,Kadabra,Psychic,,40,35,30,120,70,105,1
065,Alakazam,Psychic,,55,50,45,135,95,120,1
066,Machop,Fighting,,70,80,50,35,35,35,1
067,Machoke,Fighting,,80,100,70,50,60,45,1
068,Machamp,Fighting,,90,130,80,65,85,55,1
069,Bellsprout,Grass,Poison,50,75,35,70,30,40,1
070,Weepinbell,Grass,Poison,65,90,50,85,45,55,1
071,Victreebel,Grass,Poison,80,105,65,100,70,70,1
072,Tentacool,Water,Poison,40,40,35,50,100,70,1
073,Tentacruel,Water,Poison,80,70,65,80,120,100,1
074,Geodude,Rock,Ground,40,80,100,30,30,20,1
075,Graveler,Rock,Ground,55,95,115,45,45,35,1
076,Golem,Rock,Ground,80,120,130,55,65,45,1
077,Ponyta,Fire,,50,85,55,65,65,90,1
078,Rapidash,Fire,,65,100,70,80,80,105,1
079,Slowpoke,Water,Psychic,90,65,65,40,40,15,1
080,Slowbro,Water,Psychic,95,75,110,100,80,30,1
081,Magnemite,Electric,Steel,25,35,70,95,55,45,1
082,Magneton,Electric,Steel,50,60,95,120,70,70,1
083,Farfetch'd,Normal,Flying,52,90,55,58,62,60,1
084,Doduo,Normal,Flying,35,85,45,35,35,75,1
085,Dodrio,Normal,Flying,60,110,70,60,60,110,1
086,Seel,Water,,65,45,55,45,70,45,1
087,Dewgong,Water,Ice,90,70,80,70,95,70,1
088,Grimer,Poison,,80,80,50,40,50,25,1
089,Muk,Poison,,105,105,75,65,100,50,1
090,Shellder,Water,,30,65,100,45,25,40,1
091,Cloyster,Water,Ice,50,95,180,85,45,70,1
092,Gastly,Ghost,Poison,30,35,30,100,35,80,1
093,Haunter,Ghost,Poison,45,50,45,115,55,95,1
094,Gengar,Ghost,Poison,60,65,60,130,75,110,1
095,Onix,Rock,Ground,35,45,160,30,45,70,1
096,Drowzee,Psychic,,60,48,45,43,90,42,1
097,Hypno,Psychic,,85,73,70,73,115,67,1
098,Krabby,Water,,30,105,90,25,25,50,1
099,Kingler,Water,,55,130,115,50,50,75,1
100,Voltorb,Electric,,40,30,50,55,55,100,1
101,Electrode,Electric,,60,50,70,80,80,150,1
102,Exeggcute,Grass,Psychic,60,40,80,60,45,40,1
103,Exeggutor,Grass,Psychic,95,95,85,125,75,55,1
104,Cubone,Ground,,50,50,95,40,50,35,1
105,Marowak,Ground,,60,80,110,50,80,45,1
106,Hitmonlee,Fighting,,50,120,53,35,110,87,1
107,Hitmonchan,Fighting,,50,105,79,35,110,76,1
108,Lickitung,Normal,,90,55,75,60,75,30,1
109,Koffing,Poison,,40,65,95,60,45,35,1
110,Weezing,Poison,,65,90,120,85,70,60,1
111,Rhyhorn,Ground,Rock,80,85,95,30,30,25,1
112,Rhydon,Ground,Rock,105,130,120,45,45,40,1
113,Chansey,Normal,,250,5,5,35,105,50,1
114,Tangela,Grass,,65,55,115,100,40,60,1
115,Kangaskhan,Normal,,105,95,80,40,80,90,1
116,Horsea,Water,,30,40,70,70,25,60,1
117,Seadra,Water,,55,65,95,95,45,85,1
118,Goldeen,Water,,45,67,60,35,50,63,1
119,Seaking,Water,,80,92,65,65,80,68,1
120,Staryu,Water,,30,45,55,70,55,85,1
121,Starmie,Water,Psychic,60,75,85,100,85,115,1
122,Mr. Mime,Psychic,Fairy,40,45,65,100,120,90,1
123,Scyther,Bug,Flying,70,110,80,55,80,105,1
124,Jynx,Ice,Psychic,65,50,35,115,95,95,1
125,Electabuzz,Electric,,65,83,57,95,85,105,1
126,Magmar,Fire,,65,95,57,100,85,93,1
127,Pinsir,Bug,,65,125,100,55,70,85,1
128,Tauros,Normal,,75,100,95,40,70,110,1
129,Magikarp,Water,,20,10,55,15,20,80,1
130,Gyarados,Water,Flying,95,125,79,60,100,81,1
131,Lapras,Water,Ice,130,85,80,85,95,60,1
132,Ditto,Normal,,48,48,48,48,48,48,1
133,Eevee,Normal,,55,55,50,45,65,55,1
134,Vaporeon,Water,,130,65,60,110,95,65,1
135,Jolteon,Electric,,65,65,60,110,95,130,1
136,Flareon,Fire,,65,130,60,95,110,65,1
137,Porygon,Normal,,65,60,70,85,75,40,1
138,Omanyte,Rock,Water,35,40,100,90,55,35,1
139,Omastar,Rock,Water,70,60,125,115,70,55,1
140,Kabuto,Rock,Water,30,80,90,55,45,55,1
141,Kabutops,Rock,Water,60,115,105,65,70,80,1
142,Aerodactyl,Rock,Flying,80,105,65,60,75,130,1
143,Snorlax,Normal,,160,110,65,65,110,30,1
144,Articuno,Ice,Flying,90,85,100,95,125,85,1
145,Zapdos,Electric,Flying,90,90,85,125,90,100,1
146,Moltres,Fire,Flying,90,100,90,125,85,90,1
147,Dratini,Dragon,,41,64,45,50,50,50,1
148,Dragonair,Dragon,,61,84,65,70,70,70,1
149,Dragonite,Dragon,Flying,91,134,95,100,100,80,1
150,Mewtwo,Psychic,,106,110,90,154,90,130,1
151,Mew,Psychic,,100,100,100,100,100,100,1
152,Chikorita,Grass,,45,49,65,49,65,45,2
153,Bayleef,Grass,,60,62,80,63,80,60,2
154,Meganium,Grass,,80,82,100,83,100,80,2
155,Cyndaquil,Fire,,39,52,43,60,50,65,2
156,Quilava,Fire,,58,64,58,80,65,80,2
157,Typhlosion,Fire,,78,84,78,109,85,100,2
158,Totodile,Water,,50,65,64,44,48,43,2
159,Croconaw,Water,,65,80,80,59,63,58,2
160,Feraligatr,Water,,85,105,100,79,83,78,2
161,Sentret,Normal,,35,46,34,35,45,20,2
162,Furret,Normal,,85,76,64,45,55,90,2
163,Hoothoot,Normal,Flying,60,30,30,36,56,50,2
164,Noctowl,Normal,Flying,100,50,50,86,96,70,2
165,Ledyba,Bug,Flying,40,20,30,40,80,55,2
166,Ledian,Bug,Flying,55,35,50,55,110,85,2
167,Spinarak,Bug,Poison,40,60,40,40,40,30,2
168,Ariados,Bug,Poison,70,90,70,60,70,40,2
169,Crobat,Poison,Flying,85,90,80,70,80,130,2
170,Chinchou,Water,Electric,75,38,38,56,56,67,2
171,Lanturn,Water,Electric,125,58,58,76,76,67,2
172,Pichu,Electric,,20,40,15,35,35,60,2
173,Cleffa,Fairy,,50,25,28,45,55,15,2
174,Igglybuff,Normal,Fairy,90,30,15,40,20,15,2
175,Togepi,Fairy,,35,20,65,40,65,20,2
176,Togetic,Fairy,Flying,55,40,85,80,105,40,2
177,Natu,Psychic,Flying,40,50,45,70,45,70,2
178,Xatu,Psychic,Flying,65,75,70,95,70,95,2
179,Mareep,Electric,,55,40,40,65,45,35,2
180,Flaaffy,Electric,,70,55,55,80,60,45,2
181,Ampharos,Electric,,90,75,85,115,90,55,2
182,Bellossom,Grass,,75,80,95,90,100,50,2
183,Marill,Water,Fairy,70,20,50,20,50,40,2
184,Azumarill,Water,Fairy,100,50,80,60,80,50,2
185,Sudowoodo,Rock,,70,100,115,30,65,30,2
186,Politoed,Water,,90,75,75,90,100,70,2
187,Hoppip,Grass,Flying,35,35,40,35,55,50,2
188,Skiploom,Grass,Flying,55,45,50,45,65,80,2
189,Jumpluff,Grass,Flying,75,55,70,55,95,110,2
190,Aipom,Normal,,55,70,55,40,55,85,2
191,Sunkern,Grass,,30,30,30,30,30,30,2
192,Sunflora,Grass,,75,75,55,105,85,30,2
193,Yanma,Bug,Flying,65,65,45,75,45,95,2
194,Wooper,Water,Ground,55,45,45,25,25,15,2
195,Quagsire,Water,Ground,95,85,85,65,65,35,2
196,Espeon,Psychic,,65,65,60,130,95,110,2
197,Umbreon,Dark,,95,65,110,60,130,65,2
198,Murkrow,Dark,Flying,60,85,42,85,42,91,2
199,Slowking,Water,Psychic,95,75,80,100,110,30,2
200,Misdreavus,Ghost,,60,60,60,85,85,85,2
201,Unown,Psychic,,48,72,48,72,48,48,2
202,Wobbuffet,Psychic,,190,33,58,33,58,33,2
203,Girafarig,Normal,Psychic,70,80,65,90,65,85,2
204,Pineco,Bug,,50,65,90,35,35,15,2
205,Forretress,Bug,Steel,75,90,140,60,60,40,2
206,Dunsparce,Normal,,100,70,70,65,65,45,2
207,Gligar,Ground,Flying,65,75,105,35,65,85,2
208,Steelix,Steel,Ground,75,85,200,55,65,30,2
209,Snubbull,Fairy,,60,80,50,40,40,30,2
210,Granbull,Fairy,,90,120,75,60,60,45,2
211,Qwilfish,Water,Poison,65,95,85,55,55,85,2
212,Scizor,Bug,Steel,70,130,100,55,80,65,2
213,Shuckle,Bug,Rock,20,10,230,10,230,5,2
214,Heracross,Bug,Fighting,80,125,75,40,95,85,2
215,Sneasel,Dark,Ice,55,95,55,35,75,115,2
216,Teddiursa,Normal,,60,80,50,50,50,40,2
217,Ursaring,Normal,,90,130,75,75,75,55,2
218,Slugma,Fire,,40,40,40,70,40,20,2
219,Magcargo,Fire,Rock,60,50,120,90,80,30,2
220,Swinub,Ice,Ground,50,50,40,30,30,50,2
221,Piloswine,Ice,Ground,100,100,80,60,60,50,2
222,Corsola,Water,Rock,65,55,95,65,95,35,2
223,Remoraid,Water,,35,65,35,65,35,65,2
224,Octillery,Water,,75,105,75,105,75,45,2
225,Delibird,Ice,Flying,45,55,45,65,45,75,2
226,Mantine,Water,Flying,85,40,70,80,140,70,2
227,Skarmory,Steel,Flying,65,80,140,40,70,70,2
228,Houndour,Dark,Fire,45,60,30,80,50,65,2
229,Houndoom,Dark,Fire,75,90,50,110,80,95,2
230,Kingdra,Water,Dragon,75,95,95,95,95,85,2
231,Phanpy,Ground,,90,60,60,40,40,40,2
232,Donphan,Ground,,90,120,120,60,60,50,2
233,Porygon2,Normal,,85,80,90,105,95,60,2
234,Stantler,Normal,,73,95,62,85,65,85,2
235,Smeargle,Normal,,55,20,35,20,45,75,2
236,Tyrogue,Fighting,,35,35,35,35,35,35,2
237,Hitmontop,Fighting,,50,95,95,35,110,70,2
238,Smoochum,Ice,Psychic,45,30,15,85,65,65,2
239,Elekid,Electric,,45,63,37,65,55,95,2
240,Magby,Fire,,45,75,37,70,55,83,2
241,Miltank,Normal,,95,80,105,40,70,100,2
242,Blissey,Normal,,255,10,10,75,135,55,2
243,Raikou,Electric,,90,85,75,115,100,115,2
244,Entei,Fire,,115,115,85,90,75,100,2
245,Suicune,Water,,100,75,115,90,115,85,2
246,Larvitar,Rock,Ground,50,64,50,45,50,41,2
247,Pupitar,Rock,Ground,70,84,70,65,70,51,2
248,Tyranitar,Rock,Dark,100,134,110,95,100,61,2
249,Lugia,Psychic,Flying,106,90,130,90,154,110,2
250,Ho-oh,Fire,Flying,106,130,90,110,154,90,2
251,Celebi,Psychic,Grass,100,100,100,100,100,100,2
252,Treecko,Grass,,40,45,35,65,55,70,3
253,Grovyle,Grass,,50,65,45,85,65,95,3
254,Sceptile,Grass,,70,85,65,105,85,120,3
255,Torchic,Fire,,45,60,40,70,50,45,3
256,Combusken,Fire,Fighting,60,85,60,85,60,55,3
257,Blaziken,Fire,Fighting,80,120,70,110,70,80,3
258,Mudkip,Water,,50,70,50,50,50,40,3
259,Marshtomp,Water,Ground,70,85,70,60,70,50,3
260,Swampert,Water,Ground,100,110,90,85,90,60,3
261,Poochyena,Dark,,35,55,35,30,30,35,3
262,Mightyena,Dark,,70,90,70,60,60,70,3
263,Zigzagoon,Normal,,38,30,41,30,41,60,3
264,Linoone,Normal,,78,70,61,50,61,100,3
265,Wurmple,Bug,,45,45,35,20,30,20,3
266,Silcoon,Bug,,50,35,55,25,25,15,3
267,Beautifly,Bug,Flying,60,70,50,100,50,65,3
268,Cascoon,Bug,,50,35,55,25,25,15,3
269,Dustox,Bug,Poison,60,50,70,50,90,65,3
270,Lotad,Water,Grass,40,30,30,40,50,30,3
271,Lombre,Water,Grass,60,50,50,60,70,50,3
272,Ludicolo,Water,Grass,80,70,70,90,100,70,3
273,Seedot,Grass,,40,40,50,30,30,30,3
274,Nuzleaf,Grass,Dark,70,70,40,60,40,60,3
275,Shiftry,Grass,Dark,90,100,60,90,60,80,3
276,Taillow,Normal,Flying,40,55,30,30,30,85,3
277,Swellow,Normal,Flying,60,85,60,75,50,125,3
278,Wingull,Water,Flying,40,30,30,55,30,85,3
279,Pelipper,Water,Flying,60,50,100,95,70,65,3
280,Ralts,Psychic,Fairy,28,25,25,45,35,40,3
281,Kirlia,Psychic,Fairy,38,35,35,65,55,50,3
282,Gardevoir,Psychic,Fairy,68,65,65,125,115,80,3
283,Surskit,Bug,Water,40,30,32,50,52,65,3
284,Masquerain,Bug,Flying,70,60,62,100,82,80,3
285,Shroomish,Grass,,60,40,60,40,60,35,3
286,Breloom,Grass,Fighting,60,130,80,60,60,70,3
287,Slakoth,Normal,,60,60,60,35,35,30,3
288,Vigoroth,Normal,,80,80,80,55,55,90,3
289,Slaking,Normal,,150,160,100,95,65,100,3
290,Nincada,Bug,Ground,31,45,90,30,30,40,3
291,Ninjask,Bug,Flying,61,90,45,50,50,160,3
292,Shedinja,Bug,Ghost,1,90,45,30,30,40,3
293,Whismur,Normal,,64,51,23,51,23,28,3
294,Loudred,Normal,,84,71,43,71,43,48,3
295,Exploud,Normal,,104,91,63,91,73,68,3
296,Makuhita,Fighting,,72,60,30,20,30,25,3
297,Hariyama,Fighting,,144,120,60,40,60,50,3
298,Azurill,Normal,Fairy,50,20,40,20,40,20,3
299,Nosepass,Rock,,30,45,135,45,90,30,3
300,Skitty,Normal,,50,45,45,35,35,50,3
301,Delcatty,Normal,,70,65,65,55,55,90,3
302,Sableye,Dark,Ghost,50,75,75,65,65,50,3
303,Mawile,Steel,Fairy,50,85,85,55,55,50,3
304,Aron,Steel,Rock,50,70,100,40,40,30,3
305,Lairon,Steel,Rock,60,90,140,50,50,40,3
306,Aggron,Steel,Rock,70,110,180,60,60,50,3
307,Meditite,Fighting,Psychic,30,40,55,40,55,60,3
308,Medicham,Fighting,Psychic,60,60,75,60,75,80,3
309,Electrike,Electric,,40,45,40,65,40,65,3
310,Manectric,Electric,,70,75,60,105,60,105,3
311,Plusle,Electric,,60,50,40,85,75,95,3
312,Minun,Electric,,60,40,50,75,85,95,3
313,Volbeat,Bug,,65,73,75,47,85,85,3
314,Illumise,Bug,,65,47,75,73,85,85,3
315,Roselia,Grass,Poison,50,60,45,100,80,65,3
316,Gulpin,Poison,,70,43,53,43,53,40,3
317,Swalot,Poison,,100,73,83,73,83,55,3
318,Carvanha,Water,Dark,45,90,20,65,20,65,3
319,Sharpedo,Water,Dark,70,120,40,95,40,95,3
320,Wailmer,Water,,130,70,35,70,35,60,3
321,Wailord,Water,,170,90,45,90,45,60,3
322,Numel,Fire,Ground,60,60,40,65,45,35,3
323,Camerupt,Fire,Ground,70,100,70,105,75,40,3
324,Torkoal,Fire,,70,85,140,85,70,20,3
325,Spoink,Psychic,,60,25,35,70,80,60,3
326,Grumpig,Psychic,,80,45,65,90,110,80,3
327,Spinda,Normal,,60,60,60,60,60,60,3
328,Trapinch,Ground,,45,100,45,45,45,10,3
329,Vibrava,Ground,Dragon,50,70,50,50,50,70,3
330,Flygon,Ground,Dragon,80,100,80,80,80,100,3
331,Cacnea,Grass,,50,85,40,85,40,35,3
332,Cacturne,Grass,Dark,70,115,60,115,60,55,3
333,Swablu,Normal,Flying,45,40,60,40,75,50,3
334,Altaria,Dragon,Flying,75,70,90,70,105,80,3
335,Zangoose,Normal,,73,115,60,60,60,90,3
336,Seviper,Poison,,73,100,60,100,60,65,3
337,Lunatone,Rock,Psychic,90,55,65,95,85,70,3
338,Solrock,Rock,Psychic,90,95,85,55,65,70,3
339,Barboach,Water,Ground,50,48,43,46,41,60,3
340,Whiscash,Water,Ground,110,78,73,76,71,60,3
341,Corphish,Water,,43,80,65,50,35,35,3
342,Crawdaunt,Water,Dark,63,120,85,90,55,55,3
343,Baltoy,Ground,Psychic,40,40,55,40,70,55,3
344,Claydol,Ground,Psychic,60,70,105,70,120,75,3
345,Lileep,Rock,Grass,66,41,77,61,87,23,3
346,Cradily,Rock,Grass,86,81,97,81,107,43,3
347,Anorith,Rock,Bug,45,95,50,40,50,75,3
348,Armaldo,Rock,Bug,75,125,100,70,80,45,3
349,Feebas,Water,,20,15,20,10,55,80,3
350,Milotic,Water,,95,60,79,100,125,81,3
351,Castform,Normal,,70,70,70,70,70,70,3
352,Kecleon,Normal,,60,90,70,60,120,40,3
353,Shuppet,Ghost,,44,75,35,63,33,45,3
354,Banette,Ghost,,64,115,65,83,63,65,3
355,Duskull,Ghost,,20,40,90,30,90,25,3
356,Dusclops,Ghost,,40,70,130,60,130,25,3
357,Tropius,Grass,Flying,99,68,83,72,87,51,3
358,Chimecho,Psychic,,75,50,80,95,90,65,3
359,Absol,Dark,,65,130,60,75,60,75,3
360,Wynaut,Psychic,,95,23,48,23,48,23,3
361,Snorunt,Ice,,50,50,50,50,50,50,3
362,Glalie,Ice,,80,80,80,80,80,80,3
363,Spheal,Ice,Water,70,40,50,55,50,25,3
364,Sealeo,Ice,Water,90,60,70,75,70,45,3
365,Walrein,Ice,Water,110,80,90,95,90,65,3
366,Clamperl,Water,,35,64,85,74,55,32,3
367,Huntail,Water,,55,104,105,94,75,52,3
368,Gorebyss,Water,,55,84,105,114,75,52,3
369,Relicanth,Water,Rock,100,90,130,45,65,55,3
370,Luvdisc,Water,,43,30,55,40,65,97,3
371,Bagon,Dragon,,45,75,60,40,30,50,3
372,Shelgon,Dragon,,65,95,100,60,50,50,3
373,Salamence,Dragon,Flying,95,135,80,110,80,100,3
374,Beldum,Steel,Psychic,40,55,80,35,60,30,3
375,Metang,Steel,Psychic,60,75,100,55,80,50,3
376,Metagross,Steel,Psychic,80,135,130,95,90,70,3
377,Regirock,Rock,,80,100,200,50,100,50,3
378,Regice,Ice,,80,50,100,100,200,50,3
379,Registeel,Steel,,80,75,150,75,150,50,3
380,Latias,Dragon,Psychic,80,80,90,110,130,110,3
381,Latios,Dragon,Psychic,80,90,80,130,110,110,3
382,Kyogre,Water,,100,100,90,150,140,90,3
383,Groudon,Ground,,100,150,140,100,90,90,3
384,Rayquaza,Dragon,Flying,105,150,90,150,90,95,3
385,Jirachi,Steel,Psychic,100,100,100,100,100,100,3
386,Deoxys,Psychic,,50,150,50,150,50,150,3
387,Turtwig,Grass,,55,68,64,45,55,31,4
388,Grotle,Grass,,75,89,85,55,65,36,4
389,Torterra,Grass,Ground,95,109,105,75,85,56,4
390,Chimchar,Fire,,44,58,44,58,44,61,4
391,Monferno,Fire,Fighting,64,78,52,78,52,81,4
392,Infernape,Fire,Fighting,76,104,71,104,71,108,4
393,Piplup,Water,,53,51,53,61,56,40,4
394,Prinplup,Water,,64,66,68,81,76,50,4
395,Empoleon,Water,Steel,84,86,88,111,101,60,4
396,Starly,Normal,Flying,40,55,30,30,30,60,4
397,Staravia,Normal,Flying,55,75,50,40,40,80,4
398,Staraptor,Normal,Flying,85,120,70,50,60,100,4
399,Bidoof,Normal,,59,45,40,35,40,31,4
400,Bibarel,Normal,Water,79,85,60,55,60,71,4
401,Kricketot,Bug,,37,25,41,25,41,25,4
402,Kricketune,Bug,,77,85,51,55,51,65,4
403,Shinx,Electric,,45,65,34,40,34,45,4
404,Luxio,Electric,,60,85,49,60,49,60,4
405,Luxray,Electric,,80,120,79,95,79,70,4
406,Budew,Grass,Poison,40,30,35,50,70,55,4
407,Roserade,Grass,Poison,60,70,65,125,105,90,4
408,Cranidos,Rock,,67,125,40,30,30,58,4
409,Rampardos,Rock,,97,165,60,65,50,58,4
410,Shieldon,Rock,Steel,30,42,118,42,88,30,4
411,Bastiodon,Rock,Steel,60,52,168,47,138,30,4
412,Burmy,Bug,,40,29,45,29,45,36,4
413,Wormadam,Bug,Grass,60,59,85,79,105,36,4
414,Mothim,Bug,Flying,70,94,50,94,50,66,4
415,Combee,Bug,Flying,30,30,42,30,42,70,4
416,Vespiquen,Bug,Flying,70,80,102,80,102,40,4
417,Pachirisu,Electric,,60,45,70,45,90,95,4
418,Buizel,Water,,55,65,35,60,30,85,4
419,Floatzel,Water,,85,105,55,85,50,115,4
420,Cherubi,Grass,,45,35,45,62,53,35,4
421,Cherrim,Grass,,70,60,70,87,78,85,4
422,Shellos,Water,,76,48,48,57,62,34,4
423,Gastrodon,Water,Ground,111,83,68,92,82,39,4
424,Ambipom,Normal,,75,100,66,60,66,115,4
425,Drifloon,Ghost,Flying,90,50,34,60,44,70,4
426,Drifblim,Ghost,Flying,150,80,44,90,54,80,4
427,Buneary,Normal,,55,66,44,44,56,85,4
428,Lopunny,Normal,,65,76,84,54,96,105,4
429,Mismagius,Ghost,,60,60,60,105,105,105,4
430,Honchkrow,Dark,Flying,100,125,52,105,52,71,4
431,Glameow,Normal,,49,55,42,42,37,85,4
432,Purugly,Normal,,71,82,64,64,59,112,4
433,Chingling,Psychic,,45,30,50,65,50,45,4
434,Stunky,Poison,Dark,63,63,47,41,41,74,4
435,Skuntank,Poison,Dark,103,93,67,71,61,84,4
436,Bronzor,Steel,Psychic,57,24,86,24,86,23,4
437,Bronzong,Steel,Psychic,67,89,116,79,116,33,4
438,Bonsly,Rock,,50,80,95,10,45,10,4
439,Mime Jr.,Psychic,Fairy,20,25,45,70,90,60,4
440,Happiny,Normal,,100,5,5,15,65,30,4
441,Chatot,Normal,Flying,76,65,45,92,42,91,4
442,Spiritomb,Ghost,Dark,50,92,108,92,108,35,4
443,Gible,Dragon,Ground,58,70,45,40,45,42,4
444,Gabite,Dragon,Ground,68,90,65,50,55,82,4
445,Garchomp,Dragon,Ground,108,130,95,80,85,102,4
446,Munchlax,Normal,,135,85,40,40,85,5,4
447,Riolu,Fighting,,40,70,40,35,40,60,4
448,Lucario,Fighting,Steel,70,110,70,115,70,90,4
449,Hippopotas,Ground,,68,72,78,38,42,32,4
450,Hippowdon,Ground,,108,112,118,68,72,47,4
451,Skorupi,Poison,Bug,40,50,90,30,55,65,4
452,Drapion,Poison,Dark,70,90,110,60,75,95,4
453,Croagunk,Poison,Fighting,48,61,40,61,40,50,4
454,Toxicroak,Poison,Fighting,83,106,65,86,65,85,4
455,Carnivine,Grass,,74,100,72,90,72,46,4
456,Finneon,Water,,49,49,56,49,61,66,4
457,Lumineon,Water,,69,69,76,69,86,91,4
458,Mantyke,Water,Flying,45,20,50,60,120,50,4
459,Snover,Grass,Ice,60,62,50,62,60,40,4
460,Abomasnow,Grass,Ice,90,92,75,92,85,60,4
461,Weavile,Dark,Ice,70,120,65,45,85,125,4
462,Magnezone,Electric,Steel,70,70,115,130,90,60,4
463,Lickilicky,Normal,,110,85,95,80,95,50,4
464,Rhyperior,Ground,Rock,115,140,130,55,55,40,4
465,Tangrowth,Grass,,100,100,125,110,50,50,4
466,Electivire,Electric,,75,123,67,95,85,95,4
467,Magmortar,Fire,,75,95,67,125,95,83,4
468,Togekiss,Fairy,Flying,85,50,95,120,115,80,4
469,Yanmega,Bug,Flying,86,76,86,116,56,95,4
470,Leafeon,Grass,,65,110,130,60,65,95,4
471,Glaceon,Ice,,65,60,110,130,95,65,4
472,Gliscor,Ground,Flying,75,95,125,45,75,95,4
473,Mamoswine,Ice,Ground,110,130,80,70,60,80,4
474,Porygon-Z,Normal,,85,80,70,135,75,90,4
475,Gallade,Psychic,Fighting,68,125,65,65,115,80,4
476,Probopass,Rock,Steel,60,55,145,75,150,40,4
477,Dusknoir,Ghost,,45,100,135,65,135,45,4
478,Froslass,Ice,Ghost,70,80,70,80,70,110,4
479,Rotom,Electric,Ghost,50,50,77,95,77,91,4
480,Uxie,Psychic,,75,75,130,75,130,95,4
481,Mesprit,Psychic,,80,105,105,105,105,80,4
482,Azelf,Psychic,,75,125,70,125,70,115,4
483,Dialga,Steel,Dragon,100,120,120,150,100,90,4
484,Palkia,Water,Dragon,90,120,100,150,120,100,4
485,Heatran,Fire,Steel,91,90,106,130,106,77,4
486,Regigigas,Normal,,110,160,110,80,110,100,4
487,Giratina,Ghost,Dragon,150,100,120,100,120,90,4
488,Cresselia,Psychic,,120,70,110,75,120,85,4
489,Phione,Water,,80,80,80,80,80,80,4
490,Manaphy,Water,,100,100,100,100,100,100,4
491,Darkrai,Dark,,70,90,90,135,90,125,4
492,Shaymin,Grass,,100,100,100,100,100,100,4
493,Arceus,Normal,,120,120,120,120,120,120,4
494,Victini,Psychic,Fire,100,100,100,100,100,100,5
495,Snivy,Grass,,45,45,55,45,55,63,5
496,Servine,Grass,,60,60,75,60,75,83,5
497,Serperior,Grass,,75,75,95,75,95,113,5
498,Tepig,Fire,,65,63,45,45,45,45,5
499,Pignite,Fire,Fighting,90,93,55,70,55,55,5
500,Emboar,Fire,Fighting,110,123,65,100,65,65,5
501,Oshawott,Water,,55,55,45,63,45,45,5
502,Dewott,Water,,75,75,60,83,60,60,5
503,Samurott,Water,,95,100,85,108,70,70,5
504,Patrat,Normal,,45,55,39,35,39,42,5
505,Watchog,Normal,,60,85,69,60,69,77,5
506,Lillipup,Normal,,45,60,45,25,45,55,5
507,Herdier,Normal,,65,80,65,35,65,60,5
508,Stoutland,Normal,,85,110,90,45,90,80,5
509,Purrloin,Dark,,41,50,37,50,37,66,5
510,Liepard,Dark,,64,88,50,88,50,106,5
511,Pansage,Grass,,50,53,48,53,48,64,5
512,Simisage,Grass,,75,98,63,98,63,101,5
513,Pansear,Fire,,50,53,48,53,48,64,5
514,Simisear,Fire,,75,98,63,98,63,101,5
515,Panpour,Water,,50,53,48,53,48,64,5
516,Simipour,Water,,75,98,63,98,63,101,5
517,Munna,Psychic,,76,25,45,67,55,24,5
518,Musharna,Psychic,,116,55,85,107,95,29,5
519,Pidove,Normal,Flying,50,55,50,36,30,43,5
520,Tranquill,Normal,Flying,62,77,62,50,42,65,5
521,Unfezant,Normal,Flying,80,115,80,65,55,93,5
522,Blitzle,Electric,,45,60,32,50,32,76,5
523,Zebstrika,Electric,,75,100,63,80,63,116,5
524,Roggenrola,Rock,,55,75,85,25,25,15,5
525,Boldore,Rock,,70,105,105,50,40,20,5
526,Gigalith,Rock,,85,135,130,60,80,25,5
527,Woobat,Psychic,Flying,65,45,43,55,43,72,5
528,Swoobat,Psychic,Flying,67,57,55,77,55,114,5
529,Drilbur,Ground,,60,85,40,30,45,68,5
530,Excadrill,Ground,Steel,110,135,60,50,65,88,5
531,Audino,Normal,,103,60,86,60,86,50,5
532,Timburr,Fighting,,75,80,55,25,35,35,5
533,Gurdurr,Fighting,,85,105,85,40,50,40,5
534,Conkeldurr,Fighting,,105,140,95,55,65,45,5
535,Tympole,Water,,50,50,40,50,40,64,5
536,Palpitoad,Water,Ground,75,65,55,65,55,69,5
537,Seismitoad,Water,Ground,105,95,75,85,75,74,5
538,Throh,Fighting,,120,100,85,30,85,45,5
539,Sawk,Fighting,,75,125,75,30,75,85,5
540,Sewaddle,Bug,Grass,45,53,70,40,60,42,5
541,Swadloon,Bug,Grass,55,63,90,50,80,42,5
542,Leavanny,Bug,Grass,75,103,80,70,80,92,5
543,Venipede,Bug,Poison,30,45,59,30,39,57,5
544,Whirlipede,Bug,Poison,40,55,99,40,79,47,5
545,Scolipede,Bug,Poison,60,100,89,55,69,112,5
546,Cottonee,Grass,Fairy,40,27,60,37,50,66,5
547,Whimsicott,Grass,Fairy,60,67,85,77,75,116,5
548,Petilil,Grass,,45,35,50,70,50,30,5
549,Lilligant,Grass,,70,60,75,110,75,90,5
550,Basculin,Water,,70,92,65,80,55,98,5
551,Sandile,Ground,Dark,50,72,35,35,35,65,5
552,Krokorok,Ground,Dark,60,82,45,45,45,74,5
553,Krookodile,Ground,Dark,95,117,80,65,70,92,5
554,Darumaka,Fire,,70,90,45,15,45,50,5
555,Darmanitan,Fire,,105,140,55,30,55,95,5
556,Maractus,Grass,,75,86,67,106,67,60,5
557,Dwebble,Bug,Rock,50,65,85,35,35,55,5
558,Crustle,Bug,Rock,70,105,125,65,75,45,5
559,Scraggy,Dark,Fighting,50,75,70,35,70,48,5
560,Scrafty,Dark,Fighting,65,90,115,45,115,58,5
561,Sigilyph,Psychic,Flying,72,58,80,103,80,97,5
562,Yamask,Ghost,,38,30,85,55,65,30,5
563,Cofagrigus,Ghost,,58,50,145,95,105,30,5
564,Tirtouga,Water,Rock,54,78,103,53,45,22,5
565,Carracosta,Water,Rock,74,108,133,83,65,32,5
566,Archen,Rock,Flying,55,112,45,74,45,70,5
567,Archeops,Rock,Flying,75,140,65,112,65,110,5
568,Trubbish,Poison,,50,50,62,40,62,65,5
569,Garbodor,Poison,,80,95,82,60,82,75,5
570,Zorua,Dark,,40,65,40,80,40,65,5
571,Zoroark,Dark,,60,105,60,120,60,105,5
572,Minccino,Normal,,55,50,40,40,40,75,5
573,Cinccino,Normal,,75,95,60,65,60,115,5
574,Gothita,Psychic,,45,30,50,55,65,45,5
575,Gothorita,Psychic,,60,45,70,75,85,55,5
576,Gothitelle,Psychic,,70,55,95,95,110,65,5
577,Solosis,Psychic,,45,30,40,105,50,20,5
578,Duosion,Psychic,,65,40,50,125,60,30,5
579,Reuniclus,Psychic,,110,65,75,125,85,30,5
580,Ducklett,Water,Flying,62,44,50,44,50,55,5
581,Swanna,Water,Flying,75,87,63,87,63,98,5
582,Vanillite,Ice,,36,50,50,65,60,44,5
583,Vanillish,Ice,,51,65,65,80,75,59,5
584,Vanilluxe,Ice,,71,95,85,110,95,79,5
585,Deerling,Normal,Grass,60,60,50,40,50,75,5
586,Sawsbuck,Normal,Grass,80,100,70,60,70,95,5
587,Emolga,Electric,Flying,55,75,60,75,60,103,5
588,Karrablast,Bug,,50,75,45,40,45,60,5
589,Escavalier,Bug,Steel,70,135,105,60,105,20,5
590,Foongus,Grass,Poison,69,55,45,55,55,15,5
591,Amoonguss,Grass,Poison,114,85,70,85,80,30,5
592,Frillish,Water,Ghost,55,40,50,65,85,40,5
593,Jellicent,Water,Ghost,100,60,70,85,105,60,5
594,Alomomola,Water,,165,75,80,40,45,65,5
595,Joltik,Bug,Electric,50,47,50,57,50,65,5
596,Galvantula,Bug,Electric,70,77,60,97,60,108,5
597,Ferroseed,Grass,Steel,44,50,91,24,86,10,5
598,Ferrothorn,Grass,Steel,74,94,131,54,116,20,5
599,Klink,Steel,,40,55,70,45,60,30,5
600,Klang,Steel,,60,80,95,70,85,50,5
601,Klinklang,Steel,,60,100,115,70,85,90,5
602,Tynamo,Electric,,35,55,40,45,40,60,5
603,Eelektrik,Electric,,65,85,70,75,70,40,5
604,Eelektross,Electric,,85,115,80,105,80,50,5
605,Elgyem,Psychic,,55,55,55,85,55,30,5
606,Beheeyem,Psychic,,75,75,75,125,95,40,5
607,Litwick,Ghost,Fire,50,30,55,65,55,20,5
608,Lampent,Ghost,Fire,60,40,60,95,60,55,5
609,Chandelure,Ghost,Fire,60,55,90,145,90,80,5
610,Axew,Dragon,,46,87,60,30,40,57,5
611,Fraxure,Dragon,,66,117,70,40,50,67,5
612,Haxorus,Dragon,,76,147,90,60,70,97,5
613,Cubchoo,Ice,,55,70,40,60,40,40,5
614,Beartic,Ice,,95,130,80,70,80,50,5
615,Cryogonal,Ice,,80,50,50,95,135,105,5
616,Shelmet,Bug,,50,40,85,40,65,25,5
617,Accelgor,Bug,,80,70,40,100,60,145,5
618,Stunfisk,Ground,Electric,109,66,84,81,99,32,5
619,Mienfoo,Fighting,,45,85,50,55,50,65,5
620,Mienshao,Fighting,,65,125,60,95,60,105,5
621,Druddigon,Dragon,,77,120,90,60,90,48,5
622,Golett,Ground,Ghost,59,74,50,35,50,35,5
623,Golurk,Ground,Ghost,89,124,80,55,80,55,5
624,Pawniard,Dark,Steel,45,85,70,40,40,60,5
625,Bisharp,Dark,Steel,65,125,100,60,70,70,5
626,Bouffalant,Normal,,95,110,95,40,95,55,5
627,Rufflet,Normal,Flying,70,83,50,37,50,60,5
628,Braviary,Normal,Flying,100,123,75,57,75,80,5
629,Vullaby,Dark,Flying,70,55,75,45,65,60,5
630,Mandibuzz,Dark,Flying,110,65,105,55,95,80,5
631,Heatmor,Fire,,85,97,66,105,66,65,5
632,Durant,Bug,Steel,58,109,112,48,48,109,5
633,Deino,Dark,Dragon,52,65,50,45,50,38,5
634,Zweilous,Dark,Dragon,72,85,70,65,70,58,5
635,Hydreigon,Dark,Dragon,92,105,90,125,90,98,5
636,Larvesta,Bug,Fire,55,85,55,50,55,60,5
637,Volcarona,Bug,Fire,85,60,65,135,105,100,5
638,Cobalion,Steel,Fighting,91,90,129,90,72,108,5
639,Terrakion,Rock,Fighting,91,129,90,72,90,108,5
640,Virizion,Grass,Fighting,91,90,72,90,129,108,5
641,Tornadus,Flying,,79,115,70,125,80,111,5
642,Thundurus,Electric,Flying,79,115,70,125,80,111,5
643,Reshiram,Dragon,Fire,100,120,100,150,120,90,5
644,Zekrom,Dragon,Electric,100,150,120,120,100,90,5
645,Landorus,Ground,Flying,89,125,90,115,80,101,5
646,Kyurem,Dragon,Ice,125,130,90,130,90,95,5
647,Keldeo,Water,Fighting,91,72,90,129,90,108,5
648,Meloetta,Normal,Psychic,100,77,77,128,128,90,5
649,Genesect,Bug,Steel,71,120,95,120,95,99,5
650,Chespin,Grass,,56,61,65,48,45,38,6
651,Quilladin,Grass,,61,78,95,56,58,57,6
652,Chesnaught,Grass,Fighting,88,107,122,74,75,64,6
653,Fennekin,Fire,,40,45,40,62,60,60,6
654,Braixen,Fire,,59,59,58,90,70,73,6
655,Delphox,Fire,Psychic,75,69,72,114,100,104,6
656,Froakie,Water,,41,56,40,62,44,71,6
657,Frogadier,Water,,54,63,52,83,56,97,6
658,Greninja,Water,Dark,72,95,67,103,71,122,6
659,Bunnelby,Normal,,38,36,38,32,36,57,6
660,Diggersby,Normal,Ground,85,56,77,50,77,78,6
661,Fletchling,Normal,Flying,45,50,43,40,38,62,6
662,Fletchinder,Fire,Flying,62,73,55,56,52,84,6
663,Talonflame,Fire,Flying,78,81,71,74,69,126,6
664,Scatterbug,Bug,,38,35,40,27,25,35,6
665,Spewpa,Bug,,45,22,60,27,30,29,6
666,Vivillon,Bug,Flying,80,52,50,90,50,89,6
667,Litleo,Fire,Normal,62,50,58,73,54,72,6
668,Pyroar,Fire,Normal,86,68,72,109,66,106,6
669,Flabébé,Fairy,,44,38,39,61,79,42,6
670,Floette,Fairy,,54,45,47,75,98,52,6
671,Florges,Fairy,,78,65,68,112,154,75,6
672,Skiddo,Grass,,66,65,48,62,57,52,6
673,Gogoat,Grass,,123,100,62,97,81,68,6
674,Pancham,Fighting,,67,82,62,46,48,43,6
675,Pangoro,Fighting,Dark,95,124,78,69,71,58,6
676,Furfrou,Normal,,75,80,60,65,90,102,6
677,Espurr,Psychic,,62,48,54,63,60,68,6
678,Meowstic,Psychic,,74,48,76,83,81,104,6
679,Honedge,Steel,Ghost,45,80,100,35,37,28,6
680,Doublade,Steel,Ghost,59,110,150,45,49,35,6
681,Aegislash,Steel,Ghost,60,50,140,50,140,60,6
682,Spritzee,Fairy,,78,52,60,63,65,23,6
683,Aromatisse,Fairy,,101,72,72,99,89,29,6
684,Swirlix,Fairy,,62,48,66,59,57,49,6
685,Slurpuff,Fairy,,82,80,86,85,75,72,6
686,Inkay,Dark,Psychic,53,54,53,37,46,45,6
687,Malamar,Dark,Psychic,86,92,88,68,75,73,6
688,Binacle,Rock,Water,42,52,67,39,56,50,6
689,Barbaracle,Rock,Water,72,105,115,54,86,68,6
690,Skrelp,Poison,Water,50,60,60,60,60,30,6
691,Dragalge,Poison,Dragon,65,75,90,97,123,44,6
692,Clauncher,Water,,50,53,62,58,63,44,6
693,Clawitzer,Water,,71,73,88,120,89,59,6
694,Helioptile,Electric,Normal,44,38,33,61,43,70,6
695,Heliolisk,Electric,Normal,62,55,52,109,94,109,6
696,Tyrunt,Rock,Dragon,58,89,77,45,45,48,6
697,Tyrantrum,Rock,Dragon,82,121,119,69,59,71,6
698,Amaura,Rock,Ice,77,59,50,67,63,46,6
699,Aurorus,Rock,Ice,123,77,72,99,92,58,6
700,Sylveon,Fairy,,95,65,65,110,130,60,6
701,Hawlucha,Fighting,Flying,78,92,75,74,63,118,6
702,Dedenne,Electric,Fairy,67,58,57,81,67,101,6
703,Carbink,Rock,Fairy,50,50,150,50,150,50,6
704,Goomy,Dragon,,45,50,35,55,75,40,6
705,Sliggoo,Dragon,,68,75,53,83,113,60,6
706,Goodra,Dragon,,90,100,70,110,150,80,6
707,Klefki,Steel,Fairy,57,80,91,80,87,75,6
708,Phantump,Ghost,Grass,43,70,48,50,60,38,6
709,Trevenant,Ghost,Grass,85,110,76,65,82,56,6
710,Pumpkaboo,Ghost,Grass,49,66,70,44,55,51,6
711,Gourgeist,Ghost,Grass,65,90,122,58,75,84,6
712,Bergmite,Ice,,55,69,85,32,35,28,6
713,Avalugg,Ice,,95,117,184,44,46,28,6
714,Noibat,Flying,Dragon,40,30,35,45,40,55,6
715,Noivern,Flying,Dragon,85,70,80,97,80,123,6
716,Xerneas,Fairy,,126,131,95,131,98,99,6
717,Yveltal,Dark,Flying,126,131,95,131,98,99,6
718,Zygarde,Dragon,Ground,108,100,121,81,95,95,6
719,Diancie,Rock,Fairy,50,100,150,100,150,50,6
720,Hoopa,Psychic,Ghost,80,110,60,150,130,70,6
721,Volcanion,Fire,Water,80,110,120,130,90,70,6
722,Rowlet,Grass,Flying,68,55,55,50,50,42,7
723,Dartrix,Grass,Flying,78,75,75,70,70,52,7
724,Decidueye,Grass,Ghost,78,107,75,100,100,70,7
725,Litten,Fire,,45,65,40,60,40,70,7
726,Torracat,Fire,,65,85,50,80,50,90,7
727,Incineroar,Fire,Dark,95,115,90,80,90,60,7
728,Popplio,Water,,50,54,54,66,56,40,7
729,Brionne,Water,,60,69,69,91,81,50,7
730,Primarina,Water,Fairy,80,74,74,126,116,60,7
731,Pikipek,Normal,Flying,35,75,30,30,30,65,7
732,Trumbeak,Normal,Flying,55,85,50,40,50,75,7
733,Toucannon,Normal,Flying,80,120,75,75,75,60,7
734,Yungoos,Normal,,48,70,30,30,30,45,7
735,Gumshoos,Normal,,88,110,60,55,60,45,7
736,Grubbin,Bug,,47,62,45,55,45,46,7
737,Charjabug,Bug,Electric,57,82,95,55,75,36,7
738,Vikavolt,Bug,Electric,77,70,90,145,75,43,7
739,Crabrawler,Fighting,,47,82,57,42,47,63,7
740,Crabominable,Fighting,Ice,97,132,77,62,67,43,7
741,Oricorio,Fire,Flying,75,70,70,98,70,93,7
742,Cutiefly,Bug,Fairy,40,45,40,55,40,84,7
743,Ribombee,Bug,Fairy,60,55,60,95,70,124,7
744,Rockruff,Rock,,45,65,40,30,40,60,7
745,Lycanroc,Rock,,75,115,65,55,65,112,7
746,Wishiwashi,Water,,45,20,20,25,25,40,7
747,Mareanie,Poison,Water,50,53,62,43,52,45,7
748,Toxapex,Poison,Water,50,63,152,53,142,35,7
749,Mudbray,Ground,,70,100,70,45,55,45,7
750,Mudsdale,Ground,,100,125,100,55,85,35,7
751,Dewpider,Water,Bug,38,40,52,40,72,27,7
752,Araquanid,Water,Bug,68,70,92,50,132,42,7
753,Fomantis,Grass,,40,55,35,50,35,35,7
754,Lurantis,Grass,,70,105,90,80,90,45,7
755,Morelull,Grass,Fairy,40,35,55,65,75,15,7
756,Shiinotic,Grass,Fairy,60,45,80,90,100,30,7
757,Salandit,Poison,Fire,48,44,40,71,40,77,7
758,Salazzle,Poison,Fire,68,64,60,111,60,117,7
759,Stufful,Normal,Fighting,70,75,50,45,50,50,7
760,Bewear,Normal,Fighting,120,125,80,55,60,60,7
761,Bounsweet,Grass,,42,30,38,30,38,32,7
762,Steenee,Grass,,52,40,48,40,48,62,7
763,Tsareena,Grass,,72,120,98,50,98,72,7
764,Comfey,Fairy,,51,52,90,82,110,100,7
765,Oranguru,Normal,Psychic,90,60,80,90,110,60,7
766,Passimian,Fighting,,100,120,90,40,60,80,7
767,Wimpod,Bug,Water,25,35,40,20,30,80,7
768,Golisopod,Bug,Water,75,125,140,60,90,40,7
769,Sandygast,Ghost,Ground,55,55,80,70,45,15,7
770,Palossand,Ghost,Ground,85,75,110,100,75,35,7
771,Pyukumuku,Water,,55,60,130,30,130,5,7
772,Type: Null,Normal,,95,95,95,95,95,59,7
773,Silvally,Normal,,95,95,95,95,95,95,7
774,Minior,Rock,Flying,60,60,100,60,100,60,7
775,Komala,Normal,,65,115,65,75,95,65,7
776,Turtonator,Fire,Dragon,60,78,135,91,85,36,7
777,Togedemaru,Electric,Steel,65,98,63,40,73,96,7
778,Mimikyu,Ghost,Fairy,55,90,80,50,105,96,7
779,Bruxish,Water,Psychic,68,105,70,70,70,92,7
780,Drampa,Normal,Dragon,78,60,85,135,91,36,7
781,Dhelmise,Ghost,Grass,70,131,100,86,90,40,7
782,Jangmo-o,Dragon,,45,55,65,45,45,45,7
783,Hakamo-o,Dragon,Fighting,55,75,90,65,70,65,7
784,Kommo-o,Dragon,Fighting,75,110,125,100,105,85,7
785,Tapu Koko,Electric,Fairy,70,115,85,95,75,130,7
786,Tapu Lele,Psychic,Fairy,70,85,75,130,115,95,7
787,Tapu Bulu,Grass,Fairy,70,130,115,85,95,75,7
788,Tapu Fini,Water,Fairy,70,75,115,95,130,85,7
789,Cosmog,Psychic,,43,29,31,29,31,37,7
790,Cosmoem,Psychic,,43,29,131,29,131,37,7
791,Solgaleo,Psychic,Steel,137,137,107,113,89,97,7
792,Lunala,Psychic,Ghost,137,113,89,137,107,97,7
793,Nihilego,Rock,Poison,109,53,47,127,131,103,7
794,Buzzwole,Bug,Fighting,107,139,139,53,53,79,7
795,Pheromosa,Bug,Fighting,71,137,37,137,37,151,7
796,Xurkitree,Electric,,83,89,71,173,71,83,7
797,Celesteela,Steel,Flying,97,101,103,107,101,61,7
798,Kartana,Grass,Steel,59,181,131,59,31,109,7
799,Guzzlord,Dark,Dragon,223,101,53,97,53,43,7
800,Necrozma,Psychic,,97,107,101,127,89,79,7
801,Magearna,Steel,Fairy,80,95,115,130,115,65,7
802,Marshadow,Fighting,Ghost,90,125,80,90,90,125,7
803,Poipole,Poison,,67,73,67,73,67,73,7
804,Naganadel,Poison,Dragon,73,73,73,127,73,121,7
805,Stakataka,Rock,Steel,61,131,211,53,101,13,7
806,Blacephalon,Fire,Ghost,53,127,53,151,79,107,7
807,Zeraora,Electric,,88,112,75,102,80,143,7
808,Meltan,Steel,,46,65,65,55,35,34,7
809,Melmetal,Steel,,135,143,143,80,65,34,7
810,Grookey,Grass,,50,65,50,40,40,65,8
811,Thwackey,Grass,,70,85,70,55,60,80,8
812,Rillaboom,Grass,,100,125,90,60,70,85,8
813,Scorbunny,Fire,,50,71,40,40,40,69,8
814,Raboot,Fire,,65,86,60,55,60,94,8
815,Cinderace,Fire,,80,116,75,65,75,119,8
816,Sobble,Water,,50,40,40,70,40,70,8
817,Drizzile,Water,,65,60,55,95,55,90,8
818,Inteleon,Water,,70,85,65,125,65,120,8
819,Skwovet,Normal,,70,55,55,35,35,25,8
820,Greedent,Normal,,120,95,95,55,75,20,8
821,Rookidee,Flying,,38,47,35,33,35,57,8
822,Corvisquire,Flying,,68,67,55,43,55,77,8
823,Corviknight,Flying,Steel,98,87,105,53,85,67,8
824,Blipbug,Bug,,25,20,20,25,45,45,8
825,Dottler,Bug,Psychic,50,35,80,50,90,30,8
826,Orbeetle,Bug,Psychic,60,45,110,80,120,90,8
827,Nickit,Dark,,40,28,28,47,52,50,8
828,Thievul,Dark,,70,58,58,87,92,90,8
829,Gossifleur,Grass,,40,40,60,40,60,10,8
830,Eldegoss,Grass,,60,50,90,80,120,60,8
831,Wooloo,Normal,,42,40,55,40,45,48,8
832,Dubwool,Normal,,72,80,100,60,90,88,8
833,Chewtle,Water,,50,64,50,38,38,44,8
834,Drednaw,Water,Rock,90,115,90,48,68,74,8
835,Yamper,Electric,,59,45,50,40,50,26,8
836,Boltund,Electric,,69,90,60,90,60,121,8
837,Rolycoly,Rock,,30,40,50,40,50,30,8
838,Carkol,Rock,Fire,80,60,90,60,70,50,8
839,Coalossal,Rock,Fire,110,80,120,80,90,30,8
840,Applin,Grass,Dragon,40,40,80,40,40,20,8
841,Flapple,Grass,Dragon,70,110,80,95,60,70,8
842,Appletun,Grass,Dragon,110,85,80,100,80,30,8
843,Silicobra,Ground,,52,57,75,35,50,46,8
844,Sandaconda,Ground,,72,107,125,65,70,71,8
845,Cramorant,Flying,Water,70,85,55,85,95,85,8
846,Arrokuda,Water,,41,63,40,40,30,66,8
847,Barraskewda,Water,,61,123,60,60,50,136,8
848,Toxel,Electric,Poison,40,38,35,54,35,40,8
849,Toxtricity,Electric,Poison,75,98,70,114,70,75,8
850,Sizzlipede,Fire,Bug,50,65,45,50,50,45,8
851,Centiskorch,Fire,Bug,100,115,65,90,90,65,8
852,Clobbopus,Fighting,,50,68,60,50,50,32,8
853,Grapploct,Fighting,,80,118,90,70,80,42,8
854,Sinistea,Ghost,,40,45,45,74,54,50,8
855,Polteageist,Ghost,,60,65,65,134,114,70,8
856,Hatenna,Psychic,,42,30,45,56,53,39,8
857,Hattrem,Psychic,,57,40,65,86,73,49,8
858,Hatterene,Psychic,Fairy,57,90,95,136,103,29,8
859,Impidimp,Dark,Fairy,45,45,30,55,40,50,8
860,Morgrem,Dark,Fairy,65,60,45,75,55,70,8
861,Grimmsnarl,Dark,Fairy,95,120,65,95,75,60,8
862,Obstagoon,Dark,Normal,93,90,101,60,81,95,8
863,Perrserker,Steel,,70,110,100,50,60,50,8
864,Cursola,Ghost,,60,95,50,145,130,30,8
865,Sirfetch'd,Fighting,,62,135,95,68,82,65,8
866,Mr. Rime,Ice,Psychic,80,85,75,110,100,70,8
867,Runerigus,Ground,Ghost,58,95,145,50,105,30,8
868,Milcery,Fairy,,45,40,40,50,61,34,8
869,Alcremie,Fairy,,65,60,75,110,121,64,8
870,Falinks,Fighting,,65,100,100,70,60,75,8
871,Pincurchin,Electric,,48,101,95,91,85,15,8
872,Snom,Ice,Bug,30,25,35,45,30,20,8
873,Frosmoth,Ice,Bug,70,65,60,125,90,65,8
874,Stonjourner,Rock,,100,125,135,20,20,70,8
875,Eiscue,Ice,,75,80,110,65,90,50,8
876,Indeedee,Psychic,Normal,60,65,55,105,95,95,8
877,Morpeko,Electric,Dark,58,95,58,70,58,97,8
878,Cufant,Steel,,72,80,49,40,49,40,8
879,Copperajah,Steel,,122,130,69,80,69,30,8
880,Dracozolt,Electric,Dragon,90,100,90,80,70,75,8
881,Arctozolt,Electric,Ice,90,100,90,90,80,55,8
882,Dracovish,Water,Dragon,90,90,100,70,80,75,8
883,Arctovish,Water,Ice,90,90,100,80,90,55,8
884,Duraludon,Steel,Dragon,70,95,115,120,50,85,8
885,Dreepy,Dragon,Ghost,28,60,30,40,30,82,8
886,Drakloak,Dragon,Ghost,68,80,50,60,50,102,8
887,Dragapult,Dragon,Ghost,88,120,75,100,75,142,8
888,Zacian,Fairy,,92,120,115,80,115,138,8
889,Zamazenta,Fighting,,92,120,115,80,115,138,8
890,Eternatus,Poison,Dragon,140,85,95,145,95,130,8
891,Kubfu,Fighting,,60,90,60,53,50,72,8
892,Urshifu,Fighting,Dark,100,130,100,63,60,97,8
893,Zarude,Dark,Grass,105,120,105,70,95,105,8
894,Regieleki,Electric,,80,100,50,100,50,200,8
895,Regidrago,Dragon,,200,100,50,100,50,80,8
896,Glastrier,Ice,,100,145,130,65,110,30,8
897,Spectrier,Ghost,,100,65,60,145,80,130,8
898,Calyrex,Psychic,Grass,100,80,80,80,80,80,8
899,Wyrdeer,Normal,Psychic,103,105,72,105,75,65,8
900,Kleavor,Bug,Rock,70,135,95,45,70,85,8
901,Ursaluna,Ground,Normal,130,140,105,45,80,50,8
902,Basculegion,Water,Ghost,120,112,65,80,75,78,8
903,Sneasler,Fighting,Poison,80,130,60,40,80,120,8
904,Overqwil,Dark,Poison,85,115,95,65,65,85,8
905,Enamorus,Fairy,Flying,74,115,70,135,80,106,8
906,Sprigatito,Grass,,40,61,54,45,45,65,9
907,Floragato,Grass,,61,80,63,60,63,83,9
908,Meowscarada,Grass,Dark,76,110,70,81,70,123,9
909,Fuecoco,Fire,,67,45,59,63,40,36,9
910,Crocalor,Fire,,81,55,78,90,58,49,9
911,Skeledirge,Fire,Ghost,104,75,100,110,75,66,9
912,Quaxly,Water,,55,65,45,50,45,50,9
913,Quaxwell,Water,,70,85,65,65,60,65,9
914,Quaquaval,Water,Fighting,85,120,80,85,75,85,9
915,Lechonk,Normal,,54,45,40,35,45,35,9
916,Oinkologne,Normal,,110,100,75,59,80,65,9
917,Tarountula,Bug,,35,41,45,29,40,20,9
918,Spidops,Bug,,60,79,92,52,86,35,9
919,Nymble,Bug,,33,46,40,21,25,45,9
920,Lokix,Bug,Dark,71,102,78,52,55,92,9
921,Pawmi,Electric,,45,50,20,40,25,60,9
922,Pawmo,Electric,Fighting,60,75,40,50,40,85,9
923,Pawmot,Electric,Fighting,70,115,70,70,60,105,9
924,Tandemaus,Normal,,50,50,45,40,45,75,9
925,Maushold,Normal,,74,75,70,65,75,111,9
926,Fidough,Fairy,,37,55,70,30,55,65,9
927,Dachsbun,Fairy,,57,80,115,50,80,95,9
928,Smoliv,Grass,Normal,41,35,45,58,51,30,9
929,Dolliv,Grass,Normal,52,53,60,78,78,33,9
930,Arboliva,Grass,Normal,78,69,90,125,109,39,9
931,Squawkabilly,Normal,Flying,82,96,51,45,51,92,9
932,Nacli,Rock,,55,55,75,35,35,25,9
933,Naclstack,Rock,,60,60,100,35,65,35,9
934,Garganacl,Rock,,100,100,130,45,90,35,9
935,Charcadet,Fire,,40,50,40,50,40,35,9
936,Armarouge,Fire,Psychic,85,60,100,125,80,75,9
937,Ceruledge,Fire,Ghost,75,125,80,60,100,85,9
938,Tadbulb,Electric,,61,31,41,59,35,45,9
939,Bellibolt,Electric,,109,64,91,103,83,45,9
940,Wattrel,Electric,Flying,40,40,35,55,40,70,9
941,Kilowattrel,Electric,Flying,70,70,60,105,60,125,9
942,Maschiff,Dark,,60,78,60,40,51,51,9
943,Mabosstiff,Dark,,80,120,90,60,70,85,9
944,Shroodle,Poison,Normal,40,65,35,40,35,75,9
945,Grafaiai,Poison,Normal,63,95,65,80,72,110,9
946,Bramblin,Grass,Ghost,40,65,30,45,35,60,9
947,Brambleghast,Grass,Ghost,55,115,70,80,70,90,9
948,Toedscool,Ground,Grass,40,40,35,50,100,70,9
949,Toedscruel,Ground,Grass,80,70,65,80,120,100,9
950,Klawf,Rock,,70,100,115,35,55,75,9
951,Capsakid,Grass,,50,62,40,62,40,50,9
952,Scovillain,Grass,Fire,65,108,65,108,65,75,9
953,Rellor,Bug,,41,50,60,31,58,30,9
954,Rabsca,Bug,Psychic,75,50,85,115,100,45,9
955,Flittle,Psychic,,30,35,30,55,30,75,9
956,Espathra,Psychic,,95,60,60,101,60,105,9
957,Tinkatink,Fairy,Steel,50,45,45,35,64,58,9
958,Tinkatuff,Fairy,Steel,65,55,55,45,82,78,9
959,Tinkaton,Fairy,Steel,85,75,77,70,105,94,9
960,Wiglett,Water,,10,55,25,35,25,95,9
961,Wugtrio,Water,,35,100,50,50,70,120,9
962,Bombirdier,Flying,Dark,70,103,85,60,85,82,9
963,Finizen,Water,,70,45,40,45,40,75,9
964,Palafin,Water,,100,70,72,53,62,100,9
965,Varoom,Steel,Poison,45,70,63,30,45,47,9
966,Revavroom,Steel,Poison,80,119,90,54,67,90,9
967,Cyclizar,Dragon,Normal,70,95,65,85,65,121,9
968,Orthworm,Steel,,70,85,145,60,55,65,9
969,Glimmet,Rock,Poison,48,35,42,105,60,60,9
970,Glimmora,Rock,Poison,83,55,90,130,81,86,9
971,Greavard,Ghost,,50,61,60,30,55,34,9
972,Houndstone,Ghost,,72,101,100,50,97,68,9
973,Flamigo,Flying,Fighting,82,115,74,75,64,90,9
974,Cetoddle,Ice,,108,68,45,30,40,43,9
975,Cetitan,Ice,,170,113,65,45,55,73,9
976,Veluza,Water,Psychic,90,102,73,78,65,70,9
977,Dondozo,Water,,150,100,115,65,65,35,9
978,Tatsugiri,Dragon,Water,68,50,60,120,95,82,9
979,Annihilape,Fighting,Ghost,110,115,80,50,90,90,9
980,Clodsire,Poison,Ground,130,75,60,45,100,20,9
981,Farigiraf,Normal,Psychic,120,90,70,110,70,60,9
982,Dudunsparce,Normal,,125,100,80,85,75,55,9
983,Kingambit,Dark,Steel,100,135,120,60,85,50,9
984,Great Tusk,Ground,Fighting,115,131,131,53,53,87,9
985,Scream Tail,Fairy,Psychic,115,65,99,65,115,111,9
986,Brute Bonnet,Grass,Dark,111,127,99,79,99,55,9
987,Flutter Mane,Ghost,Fairy,55,55,55,135,135,135,9
988,Slither Wing,Bug,Fighting,85,135,79,85,105,81,9
989,Sandy Shocks,Electric,Ground,85,81,97,121,85,101,9
990,Iron Treads,Ground,Steel,90,112,120,72,70,106,9
991,Iron Bundle,Ice,Water,56,80,114,124,60,136,9
992,Iron Hands,Fighting,Electric,154,140,108,50,68,50,9
993,Iron Jugulis,Dark,Flying,94,80,86,122,80,108,9
994,Iron Moth,Fire,Poison,80,70,60,140,110,110,9
995,Iron Thorns,Rock,Electric,100,134,110,70,84,72,9
996,Frigibax,Dragon,Ice,65,75,45,35,45,55,9
997,Arctibax,Dragon,Ice,90,95,66,45,65,62,9
998,Baxcalibur,Dragon,Ice,115,145,92,75,86,87,9
999,Gimmighoul,Ghost,,45,30,70,75,70,10,9
1000,Gholdengo,Steel,Ghost,87,60,95,133,91,84,9
1001,Wo-Chien,Dark,Grass,85,85,100,95,135,70,9
1002,Chien-Pao,Dark,Ice,80,120,80,90,65,135,9
1003,Ting-Lu,Dark,Ground,155,110,125,55,80,45,9
1004,Chi-Yu,Dark,Fire,55,80,80,135,120,100,9
1005,Roaring Moon,Dragon,Dark,105,139,71,55,101,119,9
1006,Iron Valiant,Fairy,Fighting,74,130,90,120,60,116,9
1007,Koraidon,Fighting,Dragon,100,135,115,85,100,135,9
1008,Miraidon,Electric,Dragon,100,85,100,135,115,135,9
1009,Walking Wake,Water,Dragon,99,83,91,125,83,109,9
1010,Iron Leaves,Grass,Psychic,90,130,88,70,108,104,9
1011,Dipplin,Grass,Dragon,80,80,110,95,80,40,9
1012,Poltchageist,Grass,Ghost,40,45,45,74,54,50,9
1013,Sinistcha,Grass,Ghost,71,60,106,121,80,70,9
1014,Okidogi,Poison,Fighting,88,128,115,58,86,80,9
1015,Munkidori,Poison,Psychic,88,75,66,130,90,106,9
1016,Fezandipiti,Poison,Fairy,88,91,82,70,125,99,9
1017,Ogerpon,Grass,,80,120,84,60,96,110,9
1018,Archaludon,Steel,Dragon,90,105,130,125,65,85,9
1019,Hydrapple,Grass,Dragon,106,80,110,120,80,44,9
1020,Gouging Fire,Fire,Dragon,105,115,121,65,93,91,9
1021,Raging Bolt,Electric,Dragon,125,73,91,137,89,75,9
1022,Iron Boulder,Rock,Psychic,90,120,80,68,108,124,9
1023,Iron Crown,Steel,Psychic,90,72,100,122,108,98,9
1024,Terapagos,Normal,,90,65,85,65,85,60,9
1025,Pecharunt,Poison,Ghost,88,88,160,88,88,88,9